species;meters_year_50;meters_year_99
Chamaenerion angustifolium;10;500
Vaccinium vitis-idaea;400;1500
Achillea millefolium;1;5
Juniperus communis;400;1500
Equisetum arvense;10;500
Spinulum annotinum;2;15
Caltha palustris;1;5
Vaccinium uliginosum;400;1500
Linnaea borealis;0.1;1
Equisetum sylvaticum;2;15
Rubus chamaemorus;400;1500
Comarum palustre;2;15
Deschampsia cespitosa;1;5
Orthilia secunda;2;15
Equisetum fluviatile;10;500
Rubus arcticus;400;1500
Gymnocarpium dryopteris;2;15
Empetrum nigrum;400;1500
Eriophorum vaginatum;10;500
Vaccinium myrtillus;400;1500
Pinus sylvestris;40;150
Andromeda polifolia;0.1;1
Sorbus aucuparia;400;1500
Filipendula ulmaria;10;500
Betula nana;400;1500
Trifolium repens;0.1;1
Vicia cracca;1;5
Trifolium pratense;1;5
Lysimachia europaea;0.1;1
Parnassia palustris;0.1;1
Carex canescens;1;5
Eriophorum angustifolium;10;500
Rubus saxatilis;400;1500
Carex rostrata;1;5
Festuca rubra;1;5
Populus tremula;10;500
Menyanthes trifoliata;400;1500
Tanacetum vulgare;1;5
Rubus idaeus;400;1500
Betula pubescens;400;1500
Bistorta vivipara;0.1;1
Rhododendron tomentosum;40;150
Plantago major;0.1;1
Geranium sylvaticum;1;5
Luzula multiflora;2;15
Calamagrostis purpurea;1;5
Drosera rotundifolia;0.1;1
Ranunculus repens;0.1;1
Lycopodium clavatum;10;500
Solidago virgaurea;2;15
Alnus incana;400;1500
Urtica dioica;1;5
Maianthemum bifolium;400;1500
Dactylorhiza maculata;2;15
Ranunculus acris;1;5
Galium boreale;1;5
Leucanthemum vulgare;1;5
Juncus filiformis;1;5
Campanula rotundifolia;0.1;1
Salix caprea;10;500
Pyrola minor;2;15
Phegopteris connectilis;2;15
Athyrium filix-femina;2;15
Rumex acetosella;0.1;1
Matricaria discoidea;0.1;1
Carex vaginata;0.1;1
Arctostaphylos uva-ursi;400;1500
Angelica sylvestris;1;5
Festuca ovina;1;5
Carex nigra;1;5
Tussilago farfara;10;500
Anthriscus sylvestris;1;5
Carex limosa;2;15
Cirsium heterophyllum;10;500
Calluna vulgaris;10;500
Antennaria dioica;10;500
Betula pendula;40;150
Prunus padus;400;1500
Hylocomium splendens;10;500
Melampyrum pratense;2;15
Carex magellanica;2;15
Carex aquatilis;1;5
Phleum pratense;1;5
Vaccinium oxycoccos;400;1500
Equisetum pratense;2;15
Diphasiastrum complanatum;2;15
Picea abies;40;150
Corallorhiza trifida;2;15
Salix phylicifolia;10;500
Luzula pilosa;2;15
Rumex acetosa;1;5
Pleurozium schreberi;10;500
Stellaria graminea;1;5
Dryopteris carthusiana;2;15
Cystopteris fragilis;10;500
Prunella vulgaris;0.1;1
Salix glauca;10;500
Scorzoneroides autumnalis;10;500
Geum rivale;10;500
Carex brunnescens;1;5
Avenella flexuosa;1;5
Epilobium palustre;10;500
Poa pratensis;1;5
Moneses uniflora;2;15
Equisetum palustre;10;500
Trichophorum cespitosum;0.1;1
Linaria vulgaris;1;5
Carex chordorrhiza;0.1;1
Cirsium arvense;10;500
Carex lasiocarpa;2;15
Fragaria vesca;400;1500
Rosa acicularis;400;1500
Botrychium lunaria;10;500
Paris quadrifolia;400;1500
Rhinanthus minor;1;5
Juncus alpinoarticulatus;1;5
Goodyera repens;2;15
Lathyrus pratensis;1;5
Melica nutans;1;5
Agrostis capillaris;1;5
Lupinus polyphyllus;1;5
Dryopteris expansa;2;15
Galeopsis bifida;1;5
Hippuris vulgaris;400;1500
Phalaris arundinacea;0.1;1
Carex pauciflora;0.1;1
Phragmites australis;10;500
Trichophorum alpinum;10;500
Hieracium umbellatum;2;15
Matteuccia struthiopteris;2;15
Lysimachia thyrsiflora;1;5
Ranunculus reptans;400;1500
Salix lapponum;10;500
Viola palustris;2;15
Neottia cordata;2;15
Huperzia selago;10;500
Elymus repens;1;5
Achillea ptarmica;1;5
Drosera anglica;0.1;1
Scutellaria galericulata;1;5
Galium palustre;1;5
Silene dioica;1;5
Argentina anserina;2;15
Poa annua;0.1;1
Pinguicula vulgaris;0.1;1
Petasites frigidus;10;500
Eriophorum scheuchzeri;10;500
Stellaria media;0.1;1
Pyrola rotundifolia;2;15
Pteridium aquilinum;10;500
Calla palustris;400;1500
Capsella bursa-pastoris;0.1;1
Galium uliginosum;400;1500
Vaccinium microcarpum;400;1500
Anthoxanthum nitens;1;5
Cornus suecica;400;1500
Scheuchzeria palustris;400;1500
Tripleurospermum inodorum;2;15
Vicia sepium;1;5
Carex globularis;1;5
Oxalis acetosella;0.1;1
Potentilla erecta;2;15
Achnatherum calamagrostis;1;5
Convallaria majalis;400;1500
Juncus bufonius;0.1;1
Viola epipsila;2;15
Trifolium hybridum;1;5
Carum carvi;1;5
Artemisia vulgaris;2;15
Potentilla norvegica;2;15
Dactylorhiza viridis;10;500
Rorippa palustris;400;1500
Veronica chamaedrys;0.1;1
Melampyrum sylvaticum;2;15
Alopecurus pratensis;1;5
Empetrum hermaphroditum;400;1500
Molinia caerulea;1;5
Allium schoenoprasum;1;5
Tofieldia pusilla;0.1;1
Cicuta virosa;400;1500
Woodsia ilvensis;10;500
Silene vulgaris;1;5
Veronica serpyllifolia;0.1;1
Eleocharis palustris;400;1500
Potamogeton natans;400;1500
Aulacomnium palustre;10;500
Trollius europaeus;2;15
Carex vesicaria;1;5
Rumex longifolius;1;5
Dactylis glomerata;1;5
Salix myrsinifolia;10;500
Selaginella selaginoides;10;500
Cardamine pratensis;0.1;1
Cerastium holosteoides;0.1;1
Sanionia uncinata;10;500
Nardus stricta;0.1;1
Astragalus alpinus;0.1;1
Veronica officinalis;0.1;1
Cirsium palustre;10;500
Equisetum hyemale;2;15
Carex capillaris;0.1;1
Equisetum variegatum;10;500
Sagina procumbens;0.1;1
Arctostaphylos alpinus;400;1500
Carex dioica;2;15
Dryas octopetala;10;500
Polytrichum commune;10;500
Triglochin palustris;10;500
Nuphar lutea;400;1500
Mentha arvensis;1;5
Potamogeton alpinus;400;1500
Alisma plantago-aquatica;1;5
Calamagrostis epigejos;1;5
Dasiphora fruticosa;1;5
Pedicularis palustris;1;5
Milium effusum;1;5
Aegopodium podagraria;1;5
Carex echinata;0.1;1
Omalotheca sylvatica;10;500
Campanula glomerata;1;5
Erysimum cheiranthoides;1;5
Ptilium crista-castrensis;2;15
Salix hastata;10;500
Potamogeton perfoliatus;400;1500
Typha latifolia;10;500
Anthoxanthum odoratum;1;5
Cerastium fontanum;0.1;1
Veronica longifolia;1;5
Carex acuta;1;5
Sparganium emersum;400;1500
Myosotis arvensis;1;5
Platanthera bifolia;2;15
Salix myrtilloides;10;500
Salix pentandra;10;500
Erigeron acris;10;500
Epilobium ciliatum;10;500
Polygonum aviculare;1;5
Alopecurus aequalis;0.1;1
Carex bigelowii;0.1;1
Gymnadenia conopsea;10;500
Lotus corniculatus;1;5
Sonchus arvensis;10;500
Agrostis stolonifera;1;5
Elymus caninus;1;5
Poa nemoralis;1;5
Polytrichum juniperinum;10;500
Callitriche palustris;400;1500
Sphagnum girgensohnii;2;15
Utricularia intermedia;400;1500
Phleum alpinum;0.1;1
Crepis tectorum;10;500
Hypericum maculatum;1;5
Polypodium vulgare;2;15
Daphne mezereum;400;1500
Potamogeton gramineus;400;1500
Salix bebbiana;10;500
Chamaedaphne calyculata;10;500
Oxyria digyna;0.1;1
Spergula arvensis;0.1;1
Ribes spicatum;400;1500
Ribes nigrum;400;1500
Barbarea vulgaris;1;5
Carex flava;1;5
Myosotis scorpioides;1;5
Poa alpigena;1;5
Knautia arvensis;2;15
Sphagnum squarrosum;2;15
Sphagnum warnstorfii;10;500
Luzula pallescens;2;15
Viola tricolor;2;15
Pyrola chlorantha;2;15
Alnus alnobetula;40;150
Dryopteris filix-mas;2;15
Marchantia polymorpha;10;500
Glechoma hederacea;2;15
Hylocomiadelphus triquetrus;2;15
Pimpinella saxifraga;1;5
Heracleum sphondylium;1;5
Cornus canadensis;400;1500
Pohlia nutans;10;500
Frangula alnus;400;1500
Carex pallescens;2;15
Lysimachia vulgaris;1;5
Climacium dendroides;10;500
Carex loliacea;1;5
Chenopodium album;1;5
Galeopsis speciosa;1;5
Sparganium angustifolium;400;1500
Persicaria lapathifolia;1;5
Salix reticulata;10;500
Taraxacum officinale;10;500
Viburnum opulus;400;1500
Galium trifidum;400;1500
Persicaria amphibia;400;1500
Crepis paludosa;2;15
Sanguisorba officinalis;1;5
Carex diandra;1;5
Impatiens glandulifera;1;5
Ptilidium ciliare;10;500
Sambucus racemosa;400;1500
Poa alpina;0.1;1
Sphagnum fuscum;10;500
Sparganium hyperboreum;400;1500
Sarmentypnum exannulatum;10;500
Gnaphalium uliginosum;10;500
Melilotus albus;1;5
Polemonium caeruleum;1;5
Carduus crispus;10;500
Ceratodon purpureus;10;500
Stellaria longifolia;0.1;1
Straminergon stramineum;10;500
Poa palustris;1;5
Sphagnum capillifolium;10;500
Campanula patula;1;5
Equisetum scirpoides;10;500
Salix aurita;10;500
Agrostis canina;1;5
Rosa rugosa;400;1500
Viola canina;2;15
Saxifraga oppositifolia;0.1;1
Poa trivialis;1;5
Carex leporina;1;5
Dactylorhiza incarnata;10;500
Potentilla argentea;2;15
Thlaspi arvense;1;5
Actaea spicata;400;1500
Barbarea stricta;1;5
Polytrichum strictum;10;500
Rhodiola rosea;2;15
Silene acaulis;0.1;1
Fallopia convolvulus;2;15
Luzula sudetica;2;15
Calamagrostis canescens;1;5
Kalmia procumbens;40;150
Carex cespitosa;1;5
Eleocharis acicularis;400;1500
Dicranum scoparium;10;500
Lolium pratense;1;5
Sedum acre;0.1;1
Campylium stellatum;10;500
Diphasiastrum alpinum;2;15
Ptychostomum pseudotriquetrum;10;500
Alchemilla subcrenata;1;5
Aquilegia vulgaris;1;5
Tomentypnum nitens;10;500
Galium verum;1;5
Alchemilla monticola;0.1;1
Bromus inermis;1;5
Carex saxatilis;0.1;1
Scirpus sylvaticus;1;5
Lythrum salicaria;1;5
Rumex aquaticus;1;5
Carex disperma;1;5
Hylotelephium telephium;2;15
Pilosella officinarum;10;500
Galium album;1;5
Saxifraga cernua;0.1;1
Scorpidium revolvens;10;500
Viola riviniana;2;15
Sphagnum angustifolium;10;500
Sparganium natans;400;1500
Euphrasia stricta;0.1;1
Nymphaea candida;400;1500
Poa glauca;0.1;1
Senecio vulgaris;10;500
Carex panicea;0.1;1
Salix lanata;10;500
Viola ruppii;2;15
Silene latifolia;1;5
Epilobium montanum;2;15
Myrica gale;400;1500
Sorbaria sorbifolia;400;1500
Stellaria nemorum;1;5
Rhynchospora alba;400;1500
Sceptridium multifidum;2;15
Utricularia vulgaris;400;1500
Eriophorum gracile;10;500
Carex digitata;2;15
Galeopsis tetrahit;1;5
Thalictrum alpinum;0.1;1
Thysselinum palustre;10;500
Lycopodium lagopus;10;500
Sphagnum russowii;10;500
Myriophyllum alterniflorum;400;1500
Anemone nemorosa;2;15
Angelica archangelica;1;5
Calamagrostis arundinacea;1;5
Stachys palustris;1;5
Cirsium vulgare;10;500
Rhododendron groenlandicum;40;150
Sphagnum teres;10;500
Trifolium medium;1;5
Utricularia minor;400;1500
Dianthus deltoides;0.1;1
Paludella squarrosa;10;500
Potentilla crantzii;2;15
Agrostis gigantea;1;5
Alopecurus geniculatus;1;5
Salix cinerea;10;500
Thalictrum simplex;1;5
Epilobium hornemannii;10;500
Polytrichum piliferum;10;500
Pilosella aurantiaca;10;500
Aconitum septentrionale;400;1500
Silene flos-cuculi;1;5
Bartsia alpina;0.1;1
Carex livida;1;5
Viola arvensis;2;15
Saussurea alpina;10;500
Racomitrium lanuginosum;10;500
Dryopteris fragrans;2;15
Galium mollugo;1;5
Plagiomnium ellipticum;10;500
Circaea alpina;400;1500
Scorpidium scorpioides;10;500
Saxifraga hirculus;0.1;1
Euphrasia vernalis;0.1;1
Campanula rapunculoides;1;5
Lathyrus vernus;0.1;1
Anthoxanthum nipponicum;0.1;1
Humulus lupulus;1;5
Juncus articulatus;1;5
Philonotis fontana;10;500
Agrostis mertensii;0.1;1
Pohlia cruda;2;15
Alnus glutinosa;400;1500
Schoenoplectus lacustris;1;5
Geranium pratense;1;5
Cardamine bellidifolia;0.1;1
Rhizomnium pseudopunctatum;10;500
Rosa majalis;400;1500
Carex oederi;1;5
Cicerbita alpina;10;500
Pedicularis sceptrum-carolinum;1;5
Hordeum jubatum;0.1;1
Hypopitys monotropa;2;15
Lemna minor;400;1500
Potamogeton berchtoldii;400;1500
Pyrola asarifolia;2;15
Blepharostoma trichophyllum;2;15
Calliergon cordifolium;10;500
Lactuca sibirica;10;500
Veronica scutellata;0.1;1
Acer platanoides;40;150
Andreaea rupestris;10;500
Thalictrum minus;1;5
Centaurea jacea;2;15
Juncus biglumis;0.1;1
Arabidopsis arenosa;0.1;1
Dicranum fuscescens;2;15
Ptilidium pulcherrimum;2;15
Valeriana sambucifolia;10;500
Actaea rubra;400;1500
Valeriana excelsa;10;500
Koeleria spicata;1;5
Lonicera xylosteum;400;1500
Carex rotundata;1;5
Cerastium arvense;0.1;1
Neottia ovata;10;500
Viola biflora;2;15
Calamagrostis lapponica;0.1;1
Isoetes echinospora;400;1500
Carex media;0.1;1
Dicranum polysetum;2;15
Luzula confusa;2;15
Arctium tomentosum;400;1500
Carex buxbaumii;1;5
Eriophorum latifolium;10;500
Pedicularis lapponica;0.1;1
Pyrola media;2;15
Juncus stygius;0.1;1
Alchemilla vulgaris;1;5
Chamaenerion latifolium;10;500
Lonicera caerulea;400;1500
Phyllodoce caerulea;10;500
Saxifraga cespitosa;0.1;1
Calliergonella lindbergii;10;500
Bromus pumpellianus;0.1;1
Cassiope tetragona;10;500
Noccaea caerulescens;0.1;1
Calliergon giganteum;10;500
Euphrasia wettsteinii;1;5
Subularia aquatica;400;1500
Iris pseudacorus;1;5
Vicia sylvatica;1;5
Polygonatum odoratum;1;5
Isoetes lacustris;400;1500
Plantago media;1;5
Stellaria crassifolia;0.1;1
Succisa pratensis;1;5
Galium triflorum;400;1500
Distichium capillaceum;10;500
Populus balsamifera;10;500
Salix pulchra;10;500
Sphagnum compactum;10;500
Verbascum thapsus;1;5
Spergularia rubra;0.1;1
Syntrichia ruralis;10;500
Sarmentypnum sarmentosum;10;500
Sphagnum riparium;10;500
Sphagnum lindbergii;10;500
Montia fontana;2;15
Glyceria fluitans;400;1500
Juncus castaneus;0.1;1
Ranunculus auricomus;0.1;1
Salix arctica;10;500
Sibbaldia procumbens;0.1;1
Aneura pinguis;10;500
Cerastium alpinum;0.1;1
Dicranum majus;2;15
Oreojuncus trifidus;0.1;1
Ribes triste;400;1500
Viscaria alpina;0.1;1
Juncus effusus;1;5
Triglochin maritima;10;500
Abietinella abietina;10;500
Chelidonium majus;2;15
Carex utriculata;1;5
Fumaria officinalis;2;15
Pseudobryum cinclidioides;10;500
Tetraplodon mnioides;10;500
Hypericum perforatum;1;5
Anthoxanthum monticola;1;5
Chrysosplenium alternifolium;0.1;1
Juncus triglumis;0.1;1
Salix viminalis;10;500
Fontinalis antipyretica;10;500
Caragana arborescens;1;5
Rhizomnium punctatum;2;15
Tetraphis pellucida;2;15
Cinclidium stygium;10;500
Hepatica nobilis;2;15
Scrophularia nodosa;1;5
Sphenolobus minutus;10;500
Epipactis helleborine;2;15
Salix herbacea;10;500
Lapsana communis;2;15
Stellaria borealis;0.1;1
Carex capitata;0.1;1
Saponaria officinalis;2;15
Solanum dulcamara;400;1500
Trilophozia quinquedentata;10;500
Dicranum undulatum;10;500
Lobelia dortmanna;0.1;1
Arctagrostis latifolia;400;1500
Melilotus officinalis;1;5
Ranunculus propinquus;1;5
Thalictrum flavum;1;5
Myosotis laxa;1;5
Polemonium acutiflorum;0.1;1
Sphagnum papillosum;10;500
Leymus arenarius;1;5
Quercus robur;400;1500
Stellaria longipes;0.1;1
Brassica rapa;1;5
Cypripedium calceolus;2;15
Warnstorfia fluitans;10;500
Eriophorum brachyantherum;10;500
Scorpidium cossonii;10;500
Calystegia sepium;1;5
Myosotis sylvatica;0.1;1
Plagiothecium denticulatum;2;15
Sphagnum subsecundum;10;500
Populus tremuloides;10;500
Luzula parviflora;2;15
Omalotheca norvegica;10;500
Pogonatum urnigerum;10;500
Turritis glabra;1;5
Micranthes nelsoniana;0.1;1
Rumex crispus;1;5
Splachnum luteum;400;1500
Carex tenuiflora;0.1;1
Geum aleppicum;400;1500
Ranunculus gmelinii;0.1;1
Ranunculus sceleratus;400;1500
Sphagnum balticum;10;500
Loeskypnum badium;10;500
Juncus conglomeratus;1;5
Woodsia glabella;10;500
Anaphalis margaritacea;10;500
Cornus sericea;400;1500
Picea glauca;40;150
Picea obovata;40;150
Eleocharis mamillata;400;1500
Tilia cordata;40;150
Brachythecium salebrosum;2;15
Lilium martagon;1;5
Viola mirabilis;2;15
Delphinium elatum;1;5
Lamium album;2;15
Salix polaris;10;500
Saxifraga aizoides;0.1;1
Anthyllis vulneraria;0.1;1
Hammarbya paludosa;10;500
Hypnum cupressiforme;10;500
Solidago canadensis;10;500
Campanula latifolia;1;5
Sciuro-hypnum reflexum;2;15
Bartramia ithyphylla;10;500
Campanula persicifolia;1;5
Dactylorhiza majalis;10;500
Sphagnum fallax;10;500
Euphrasia nemorosa;0.1;1
Juncus bulbosus;0.1;1
Lolium perenne;1;5
Persicaria hydropiper;1;5
Sphagnum centrale;10;500
Medicago lupulina;0.1;1
Fragaria virginiana;400;1500
Maianthemum trifolium;400;1500
Saxifraga bronchialis;0.1;1
Scapania undulata;10;500
Cherleria arctica;0.1;1
Crossocalyx hellerianus;2;15
Ranunculus pygmaeus;0.1;1
Stachys sylvatica;1;5
Alchemilla alpina;0.1;1
Alchemilla glomerulans;0.1;1
Carex rariflora;0.1;1
Astragalus norvegicus;1;5
Fissidens osmundoides;10;500
Mertensia paniculata;1;5
Butomus umbellatus;400;1500
Dianthus superbus;1;5
Rhytidiadelphus squarrosus;10;500
Cherleria biflora;0.1;1
Trommsdorffia maculata;10;500
Viscaria vulgaris;1;5
Betula fruticosa;2;15
Carex lachenalii;0.1;1
Gentianella amarella;0.1;1
Orthodicranum montanum;10;500
Plagiochila porelloides;2;15
Plagiomnium cuspidatum;2;15
Ranunculus hyperboreus;1;5
Viburnum edule;400;1500
Arnica angustifolia;10;500
Dicranum elongatum;10;500
Picea mariana;40;150
Pylaisia polyantha;2;15
Erigeron canadensis;10;500
Larix sibirica;40;150
Mylia anomala;10;500
Origanum vulgare;1;5
Rhodobryum roseum;10;500
Glyceria lithuanica;400;1500
Luzula spicata;2;15
Carex adelostoma;1;5
Cephalozia bicuspidata;10;500
Cypripedium guttatum;2;15
Hygrohypnella ochracea;10;500
Lysimachia punctata;1;5
Cardamine nymanii;0.1;1
Larix laricina;40;150
Micranthes nivalis;0.1;1
Plagiothecium laetum;2;15
Salix repens;10;500
Armeria maritima;0.1;1
Asplenium viride;10;500
Barbilophozia lycopodioides;2;15
Helodium blandowii;10;500
Hylocomiastrum umbratum;2;15
Bartramia pomiformis;2;15
Carex rupestris;0.1;1
Centaurea scabiosa;2;15
Hymenoloma crispulum;10;500
Lycopodiella inundata;10;500
Anemone sylvestris;10;500
Gymnocolea inflata;10;500
Reynoutria japonica;1;5
Taraxacum ceratophorum;10;500
Carex elongata;2;15
Epilobium collinum;10;500
Pinguicula villosa;0.1;1
Sagittaria sagittifolia;400;1500
Syringa vulgaris;40;150
Agrostis vinealis;1;5
Alchemilla micans;0.1;1
Diapensia lapponica;0.1;1
Flexitrichum flexicaule;10;500
Impatiens noli-tangere;1;5
Lysimachia nummularia;0.1;1
Tortella tortuosa;2;15
Brachythecium rivulare;10;500
Elodea canadensis;400;1500
Moehringia trinervia;2;15
Plantago lanceolata;0.1;1
Ranunculus nivalis;0.1;1
Amblystegium serpens;2;15
Calliergon richardsonii;10;500
Cynodontium strumiferum;10;500
Lamium purpureum;2;15
Poa humilis;0.1;1
Eleocharis quinqueflora;400;1500
Cystopteris montana;10;500
Dryas integrifolia;10;500
Echium vulgare;1;5
Pseudathyrium alpestre;10;500
Plantago maritima;0.1;1
Anemonastrum narcissiflorum;2;15
Astragalus frigidus;1;5
Cardamine amara;1;5
Trifolium spadiceum;0.1;1
Valeriana officinalis;1;5
Centaurea montana;2;15
Juncus arcticus;1;5
Nuphar pumila;400;1500
Paraleucobryum longifolium;2;15
Ranunculus polyanthemos;1;5
Ribes rubrum;400;1500
Sphagnum majus;10;500
Androsace septentrionalis;0.1;1
Calypso bulbosa;2;15
Juncus compressus;0.1;1
Lewinskya speciosa;2;15
Bidens tripartita;400;1500
Radula complanata;2;15
Isopterygiella pulchella;10;500
Rumex thyrsiflorus;1;5
Festuca richardsonii;1;5
Aruncus dioicus;1;5
Botrychium lanceolatum;10;500
Rhytidium rugosum;10;500
Salix gmelinii;10;500
Bidens cernua;400;1500
Diplazium sibiricum;2;15
Salix pseudopentandra;10;500
Eriophorum russeolum;10;500
Pedicularis labradorica;0.1;1
Viola selkirkii;2;15
Lathyrus palustris;1;5
Betula glandulosa;40;150
Drepanocladus aduncus;10;500
Salix pyrolifolia;10;500
Poa arctica;1;5
Senecio viscosus;10;500
Shepherdia canadensis;400;1500
Trifolium aureum;1;5
Bucklandiella microcarpos;2;15
Ulmus glabra;40;150
Euphorbia cyparissias;2;15
Potamogeton praelongus;400;1500
Bryoerythrophyllum recurvirostrum;10;500
Meesia triquetra;10;500
Amphidium lapponicum;2;15
Aralia nudicaulis;400;1500
Chenopodium suecicum;1;5
Chimaphila umbellata;2;15
Leptobryum pyriforme;10;500
Blindia acuta;10;500
Gagea serotina;0.1;1
Pterigynandrum filiforme;2;15
Raphanus raphanistrum;1;5
Rheum rhabarbarum;1;5
Tetralophozia setiformis;10;500
Cichorium intybus;10;500
Micranthes foliolosa;0.1;1
Polytrichastrum alpinum;10;500
Rhytidiadelphus subpinnatus;10;500
Salix myrsinites;10;500
Woodsia alpina;10;500
Honckenya peploides;0.1;1
Sonchus asper;10;500
Cota tinctoria;2;15
Dilutineuron fasciculare;10;500
Parrya nudicaulis;1;5
Sphagnum rubellum;10;500
Berteroa incana;1;5
Dicranum spadiceum;10;500
Festuca brachyphylla;1;5
Polystichum lonchitis;2;15
Rhinanthus serotinus;0.1;1
Brideliella wahlenbergii;10;500
Callitriche cophocarpa;400;1500
Elymus mutabilis;0.1;1
Erodium cicutarium;0.1;1
Geranium robertianum;1;5
Alchemilla glabra;0.1;1
Alchemilla wichurae;0.1;1
Atocion rupestre;0.1;1
Geum urbanum;400;1500
Meesia uliginosa;10;500
Parasenecio hastatus;10;500
Pinus sibirica;40;150
Ribes uva-crispa;400;1500
Pleurospermum uralense;1;5
Sphagnum fimbriatum;10;500
Pohlia wahlenbergii;10;500
Verbascum nigrum;1;5
Medicago sativa;1;5
Tofieldia coccinea;1;5
Barbilophozia barbata;2;15
Maianthemum canadense;400;1500
Mitella nuda;1;5
Myriophyllum sibiricum;400;1500
Salix starkeana;10;500
Corylus avellana;400;1500
Diplophyllum taxifolium;10;500
Fissidens adianthoides;10;500
Polygonatum verticillatum;400;1500
Rhizomnium magnifolium;2;15
Stuckenia filiformis;400;1500
Tephroseris integrifolia;10;500
Carex pilulifera;0.1;1
Dianthus chinensis;1;5
Epilobium alsinifolium;10;500
Alchemilla murbeckiana;0.1;1
Calliergonella cuspidata;10;500
Micranthes stellaris;0.1;1
Moehringia lateriflora;2;15
Nyholmiella obtusifolia;2;15
Arabidopsis thaliana;0.1;1
Avenula pubescens;1;5
Dianthus barbatus;1;5
Rumex lapponicus;1;5
Centaurea cyanus;2;15
Primula veris;2;15
Puccinellia distans;1;5
Sphagnum wulfianum;10;500
Aulacomnium turgidum;10;500
Aegopodium alpestre;1;5
Hedwigia ciliata;10;500
Scleranthus annuus;0.1;1
Epilobium anagallidifolium;10;500
Eriophorum polystachion;10;500
Eurybia sibirica;10;500
Sparganium glomeratum;400;1500
Angelica decurrens;0.1;1
Niphotrichum canescens;10;500
Ranunculus flammula;0.1;1
Salix alaxensis;10;500
Timmia austriaca;10;500
Veronica alpina;0.1;1
Sagittaria natans;400;1500
Epipogium aphyllum;2;15
Eurhynchiastrum pulchellum;10;500
Plagiomnium medium;2;15
Poa angustifolia;0.1;1
Sphagnum subfulvum;2;15
Ajuga pyramidalis;2;15
Galium spurium;1;5
Mycelis muralis;2;15
Pyrola grandiflora;10;500
Rosa pendulina;400;1500
Schistidium apocarpum;10;500
Bistorta officinalis;1;5
Botrychium boreale;10;500
Bunias orientalis;1;5
Chrysanthemum zawadzkii;0.1;1
Arabis alpina;0.1;1
Lepidozia reptans;2;15
Marchantia quadrata;10;500
Persicaria maculosa;1;5
Salix saxatilis;10;500
Carex glacialis;0.1;1
Carex parallela;1;5
Pilosella lactucella;10;500
Amelanchier humilis;400;1500
Armoracia rusticana;1;5
Hesperis matronalis;1;5
Lemna trisulca;400;1500
Lilium bulbiferum;1;5
Sciuro-hypnum starkei;2;15
Carex myosuroides;400;1500
Helianthus annuus;1;5
Hylocomiastrum pyrenaicum;10;500
Pinus contorta;40;150
Rubus odoratus;400;1500
Sarracenia purpurea;1;5
Arabidopsis lyrata;0.1;1
Malus domestica;400;1500
Myriophyllum verticillatum;400;1500
Pedicularis verticillata;0.1;1
Cratoneuron filicinum;10;500
Epilobium davuricum;10;500
Larix gmelinii;40;150
Omalotheca supina;10;500
Papaver radicatum;0.1;1
Ranunculus confervoides;1;5
Abies balsamea;40;150
Heracleum mantegazzianum;1;5
Avena sativa;1;5
Blasia pusilla;10;500
Carex ericetorum;2;15
Festuca vivipara;0.1;1
Rhinanthus groenlandicus;1;5
Sagina saginoides;0.1;1
Scapania irrigua;2;15
Cornus alba;400;1500
Geocaulon lividum;400;1500
Neoorthocaulis attenuatus;2;15
Philonotis tomentella;10;500
Pulsatilla patens;10;500
Elymus macrourus;0.1;1
Hedysarum alpinum;1;5
Polytrichum longisetum;10;500
Ranunculus trichophyllus;400;1500
Cynodontium tenellum;2;15
Dicranum flexicaule;2;15
Gentianella campestris;0.1;1
Lycopus europaeus;10;500
Ribes alpinum;400;1500
Sonchus oleraceus;10;500
Arctostaphylos rubra;400;1500
Arenaria serpyllifolia;0.1;1
Barbilophozia hatcheri;10;500
Betula papyrifera;40;150
Iris setosa;1;5
Tortella fragilis;10;500
Arabidopsis suecica;0.1;1
Carex norvegica;0.1;1
Harrimanella hypnoides;10;500
Schljakovia kunzeana;10;500
Oxytropis nigrescens;0.1;1
Phedimus aizoon;1;5
Sparganium gramineum;400;1500
Thelypteris palustris;10;500
Cardamine dentata;1;5
Festuca trachyphylla;0.1;1
Monotropa uniflora;2;15
Rubus sachalinensis;400;1500
Dicranum fragilifolium;2;15
Fraxinus excelsior;40;150
Plagiochila asplenioides;2;15
Viola rupestris;2;15
Chrysosplenium sibiricum;0.1;1
Festuca altaica;0.1;1
Saxifraga tricuspidata;0.1;1
Sphagnum subnitens;10;500
Veratrum lobelianum;1;5
Convolvulus arvensis;1;5
Heracleum maximum;1;5
Lophozia ventricosa;10;500
Lophoziopsis longidens;2;15
Stellaria palustris;1;5
Adoxa moschatellina;400;1500
Apocynum androsaemifolium;2;15
Funaria hygrometrica;10;500
Gentiana nivalis;0.1;1
Stuckenia pectinata;400;1500
Carex atrata;0.1;1
Coptidium lapponicum;0.1;1
Epilobium lactiflorum;10;500
Galium aparine;1;5
Spiraea salicifolia;1;5
Grimmia torquata;2;15
Salix triandra;10;500
Asplenium trichomanes;10;500
Campylium protensum;10;500
Chiloscyphus polyanthos;10;500
Cirriphyllum piliferum;10;500
Marsupella emarginata;10;500
Pilosella cymosa;10;500
Polemonium boreale;0.1;1
Salix rhamnifolia;10;500
Anemonastrum dichotomum;2;15
Artemisia borealis;0.1;1
Fuscocephaloziopsis lunulifolia;2;15
Lagotis glauca;1;5
Myurella julacea;10;500
Ostericum tenuifolium;1;5
Pinus banksiana;40;150
Dichodontium pellucidum;10;500
Harpanthus flotovianus;2;15
Plagiothecium cavifolium;2;15
Schistidium papillosum;2;15
Sciuro-hypnum plumosum;10;500
Amelanchier alnifolia;400;1500
Calamagrostis canadensis;1;5
Clintonia borealis;1;5
Lophocolea heterophylla;2;15
Rubus pubescens;400;1500
Salix taraikensis;10;500
Struthiopteris spicant;2;15
Carex atrofusca;0.1;1
Sagina nodosa;0.1;1
Symphoricarpos albus;400;1500
Codriophorus acicularis;2;15
Dicranum bonjeanii;10;500
Artemisia absinthium;1;5
Pastinaca sativa;0.1;1
Potentilla intermedia;2;15
Rhododendron lapponicum;40;150
Trifolium arvense;0.1;1
Antennaria alpina;10;500
Arctoa blyttii;10;500
Galium elongatum;0.1;1
Hamatocaulis vernicosus;10;500
Mnium stellare;2;15
Odontites vulgaris;0.1;1
Pellia neesiana;2;15
Pseudocherleria macrocarpa;0.1;1
Salix jenisseensis;10;500
Schistidium agassizii;10;500
Potamogeton obtusifolius;400;1500
Saelania glaucescens;10;500
Sedum annuum;0.1;1
Setaria viridis;400;1500
Chrysosplenium tetrandrum;1;5
Lysimachia borealis;0.1;1
Sphagnum platyphyllum;10;500
Tripleurospermum maritimum;2;15
Carex fuliginosa;0.1;1
Digitalis purpurea;1;5
Oligotrichum hercynicum;10;500
Papaver croceum;1;5
Allium strictum;1;5
Artemisia campestris;1;5
Hydrocharis morsus-ranae;400;1500
Bergenia crassifolia;1;5
Calypogeia integristipula;2;15
Centaurea phrygia;2;15
Lathyrus japonicus;1;5
Ptychostomum weigelii;10;500
Sabulina stricta;0.1;1
Salix rosmarinifolia;10;500
Saxifraga hyperborea;1;5
Sphagnum jensenii;10;500
Valeriana capitata;10;500
Rumex arcticus;1;5
Aconitum cammarum;1;5
Ajuga reptans;2;15
Amphidium mougeotii;2;15
Cypripedium acaule;2;15
Dryopteris cristata;2;15
Pseudoleskeella nervosa;2;15
Bryum argenteum;10;500
Dryopteris dilatata;2;15
Luzula wahlenbergii;2;15
Nymphaea tetragona;400;1500
Polygonum arenastrum;0.1;1
Rabelera holostea;0.1;1
Sphagnum tenellum;10;500
Spiranthes romanzoffiana;10;500
Brachythecium albicans;10;500
Crataegus sanguinea;400;1500
Pedicularis capitata;0.1;1
Schistidium rivulare;10;500
Solidago multiradiata;10;500
Sphagnum flexuosum;10;500
Veronica arvensis;0.1;1
Acer negundo;40;150
Lappula squarrosa;400;1500
Luzula arcuata;2;15
Capnoides sempervirens;2;15
Hippophae rhamnoides;1;5
Scapania paludicola;10;500
Splachnum sphaericum;10;500
Tephroseris palustris;10;500
Alchemilla filicaulis;0.1;1
Drepanocladus trifarius;10;500
Populus suaveolens;10;500
Potentilla thuringiaca;2;15
Alleniella complanata;2;15
Allium splendens;0.1;1
Sphagnum aongstroemii;10;500
Urtica urens;0.1;1
Artemisia tilesii;1;5
Conioselinum tataricum;1;5
Iris versicolor;1;5
Thuja occidentalis;40;150
Neckera pennata;2;15
Poa remota;1;5
Pohlia proligera;10;500
Tragopogon pratensis;10;500
Arctium minus;400;1500
Galium odoratum;0.1;1
Myosotis decumbens;0.1;1
Petasites hybridus;10;500
Ranunculus sulphureus;400;1500
Clematis sibirica;0.1;1
Homalia trichomanoides;2;15
Polypodium virginianum;2;15
Stellaria alsine;0.1;1
Aconitum delphiniifolium;0.1;1
Poa compressa;1;5
Scapania uliginosa;10;500
Tanacetum bipinnatum;0.1;1
Atrichum undulatum;2;15
Dichodon cerastoides;NA;NA
Lathyrus sylvestris;1;5
Myosotis asiatica;1;5
Polygala comosa;2;15
Potentilla hyparctica;0.1;1
Barbilophozia sudetica;10;500
Drosera intermedia;0.1;1
Elymus violaceus;1;5
Tripleurospermum subpolare;2;15
Asplenium ruta-muraria;10;500
Dichelyma falcatum;10;500
Heracleum dissectum;0.1;1
Actaea erythrocarpa;400;1500
Bidens radiata;400;1500
Limosella aquatica;400;1500
Lupinus nootkatensis;400;1500
Scapania umbrosa;2;15
Sciuro-hypnum curtum;2;15
Sphagnum magellanicum;2;15
Carex appropinquata;2;15
Clinopodium vulgare;2;15
Eriophorum chamissonis;10;500
Koeleria pyramidata;1;5
Pachypleurum mutellinoides;1;5
Rhytidiadelphus loreus;2;15
Bazzania trilobata;2;15
Catoscopium nigritum;10;500
Draba glabella;0.1;1
Rumex pseudonatronatus;0.1;1
Abies sibirica;40;150
Carex pediformis;2;15
Carex rhizina;1;5
Draba nemorosa;0.1;1
Elymus sibiricus;0.1;1
Lathyrus linifolius;0.1;1
Oxytropis maydelliana;1;5
Papaver lapponicum;0.1;1
Sphagnum pulchrum;10;500
Splachnum rubrum;10;500
Ceratophyllum demersum;400;1500
Cotoneaster acutifolius;400;1500
Ficaria verna;2;15
Hylotelephium maximum;2;15
Lepidium densiflorum;0.1;1
Malva moschata;1;5
Neckera oligocarpa;2;15
Neoorthocaulis floerkei;2;15
Ptychostomum pallens;10;500
Vahlodea atropurpurea;1;5
Callitriche hamulata;400;1500
Luzula rufescens;2;15
Mesoptychia heterocolpos;2;15
Anemone parviflora;2;15
Calamagrostis stricta;1;5
Chaenorhinum minus;10;500
Diobelonella palustris;10;500
Antitrichia curtipendula;2;15
Campanula cervicaria;1;5
Salix alba;10;500
Sparganium erectum;400;1500
Descurainia sophia;1;5
Eriophorum medium;10;500
Grimmia longirostris;10;500
Leucodon sciuroides;10;500
Luzula nivalis;2;15
Mesoptychia rutheana;10;500
Oxalis stricta;0.1;1
Silene chalcedonica;1;5
Spiraea billardii;1;5
Encalypta rhaptocarpa;10;500
Erysimum virgatum;1;5
Kalmia angustifolia;40;150
Lophozia silvicola;10;500
Prunus pensylvanica;400;1500
Achillea alpina;0.1;1
Agrostis scabra;40;150
Metzgeria furcata;10;500
Pinus pumila;400;1500
Plagiopus oederianus;2;15
Artemisia frigida;1;5
Eutrema edwardsii;1;5
Lophozia ascendens;2;15
Platydictya jungermannioides;2;15
Ranunculus lingua;1;5
Malaxis monophyllos;2;15
Taraxacum croceum;10;500
Betula nana × pubescens;400;1500
Calamagrostis purpurascens;1;5
Carex heleonastes;0.1;1
Homalothecium sericeum;10;500
Odontoschisma fluitans;10;500
Oxytropis deflexa;400;1500
Sagina nivalis;0.1;1
Vicia hirsuta;1;5
Androsace filiformis;0.1;1
Arabis hirsuta;1;5
Artemisia dracunculus;1;5
Dicranella subulata;10;500
Hordeum vulgare;1;5
Mnium hornum;2;15
Pentanema salicinum;10;500
Riccardia latifrons;2;15
Rorippa sylvestris;400;1500
Rumex obtusifolius;1;5
Scilla siberica;2;15
Asplenium septentrionale;10;500
Atriplex patula;1;5
Brachypodium pinnatum;1;5
Carex atherodes;1;5
Cinna latifolia;1;5
Geum macrophyllum;400;1500
Lonicera tatarica;400;1500
Ranunculus peltatus;1;5
Spiraea alba;1;5
Botrypus virginianus;10;500
Calypogeia muelleriana;2;15
Pseudisothecium myosuroides;10;500
Seseli condensatum;1;5
Sphagnum quinquefarium;2;15
Anemonastrum richardsonii;2;15
Aster sibiricus;10;500
Beckmannia syzigachne;0.1;1
Dicranum acutifolium;10;500
Elaeagnus commutata;400;1500
Gaultheria hispidula;400;1500
Geum glaciale;10;500
Mertensia maritima;1;5
Sium suave;400;1500
Vaccinium myrtilloides;400;1500
Astragalus umbellatus;0.1;1
Callitriche hermaphroditica;400;1500
Conostomum tetragonum;10;500
Larix decidua;40;150
Lophozia guttulata;10;500
Mylia taylorii;2;15
Pellia epiphylla;2;15
Phacelia tanacetifolia;1;5
Pogonatum dentatum;10;500
Anticlea elegans;0.1;1
Fontinalis dalecarlica;10;500
Paeonia anomala;0.1;1
Prunus virginiana;400;1500
Sarmentypnum procerum;10;500
Anemonastrum canadense;2;15
Leptodictyum riparium;10;500
Ligusticum scothicum;1;5
Odontoschisma elongatum;2;15
Rosulabryum capillare;10;500
Salix schwerinii;10;500
Saxifraga rivularis;0.1;1
Schistochilopsis incisa;10;500
Caltha natans;0.1;1
Carex demissa;0.1;1
Coptis trifolia;0.1;1
Diplophyllum albicans;2;15
Holcus mollis;1;5
Medicago falcata;1;5
Micranthes tenuis;0.1;1
Tetraplodon angustatus;10;500
Veronica fruticans;0.1;1
Carex maritima;0.1;1
Rosa spinosissima;400;1500
Bellis perennis;0.1;1
Carex lapponica;0.1;1
Cerastium beeringianum;1;5
Epipactis atrorubens;2;15
Erigeron borealis;10;500
Erigeron politus;10;500
Plagiomnium affine;2;15
Rhynchospora fusca;400;1500
Sphagnum contortum;10;500
Trollius asiaticus;0.1;1
Veronica verna;0.1;1
Draba lactea;0.1;1
Eleocharis uniglumis;400;1500
Euphrasia frigida;0.1;1
Pohlia bulbifera;10;500
Spirodela polyrhiza;400;1500
Achillea asiatica;0.1;1
Juncus balticus;1;5
Pedicularis lanata;0.1;1
Philonotis seriata;10;500
Salix rorida;10;500
Draba fladnizensis;0.1;1
Dupontia fisheri;1;5
Gagea minima;2;15
Gymnocarpium jessoense;10;500
Palustriella decipiens;10;500
Ribes glandulosum;400;1500
Utricularia ochroleuca;400;1500
Carex pseudocyperus;1;5
Lilium pensylvanicum;0.1;1
Sphenolobus saxicola;10;500
Calypogeia neesiana;10;500
Cryptogramma stelleri;2;15
Dendrolycopodium dendroideum;2;15
Mentha canadensis;0.1;1
Nuphar variegata;400;1500
Oxytropis campestris;0.1;1
Pohlia drummondii;10;500
Saccobasis polita;10;500
Spiraea chamaedryfolia;1;5
Thalictrum aquilegiifolium;1;5
Brachythecium turgidum;10;500
Cystopteris dickieana;10;500
Dicranella cerviculata;10;500
Koenigia ocreata;400;1500
Senecio sylvaticus;10;500
Thalictrum foetidum;1;5
Anemone ranunculoides;2;15
Micranthes hieraciifolia;0.1;1
Oxybasis glauca;1;5
Rosa glauca;400;1500
Fragaria moschata;400;1500
Gagea lutea;2;15
Symphytum uplandicum;2;15
Thalictrum sparsiflorum;0.1;1
Cirsium oleraceum;10;500
Nardia scalaris;10;500
Platanthera obtusata;2;15
Splachnum vasculosum;10;500
Alopecurus magellanicus;1;5
Descurainia sophioides;0.1;1
Halerpestes sarmentosus;400;1500
Lamium hybridum;2;15
Lolium multiflorum;1;5
Silene repens;0.1;1
Draba norvegica;0.1;1
Epilobium hirsutum;10;500
Hygrohypnum luridum;10;500
Juncus ranarius;0.1;1
Polemonium villosum;1;5
Sphagnum obtusum;10;500
Splachnum ampullaceum;10;500
Thuidium recognitum;2;15
Carex podocarpa;0.1;1
Drepanocladus polygamus;10;500
Nymphaea alba;400;1500
Oncophorus virens;10;500
Pedicularis oederi;0.1;1
Sphagnum cuspidatum;10;500
Vinca minor;2;15
Dianthus repens;0.1;1
Plantago uliginosa;0.1;1
Ranunculus monophyllus;0.1;1
Ulota curvifolia;2;15
Cardamine macrophylla;0.1;1
Corydalis solida;2;15
Corylus cornuta;400;1500
Cryptogramma crispa;10;500
Encalypta streptocarpa;10;500
Fragaria ananassa;400;1500
Palustriella falcata;10;500
Potamogeton lucens;400;1500
Viola wittrockiana;2;15
Anthelia juratzkana;10;500
Cinclidium subrotundum;10;500
Conocephalum salebrosum;10;500
Dupontia fulva;1;5
Erigeron uniflorus;10;500
Gymnomitrion concinnatum;10;500
Saxifraga flagellaris;0.1;1
Scapania subalpina;10;500
Acer spicatum;40;150
Barbarea orthoceras;1;5
Campanula lasiocarpa;0.1;1
Dicranella crispa;10;500
Impatiens capensis;1;5
Plagiothecium undulatum;2;15
Spiraea rosalba;1;5
Atriplex prostrata;1;5
Heterocladiella dimorpha;10;500
Jacobaea vulgaris;10;500
Kalmia polifolia;40;150
Koenigia fennica;400;1500
Mnium thomsonii;10;500
Schistostega pennata;2;15
Sciuro-hypnum populeum;10;500